book_id,book_label,ol_id,pub_year
Q28172,World War Z,OL5969057W,2006
Q27453,The Bible Unearthed,OL2183242W,2001
Q25750,The Casual Vacancy,OL17657015W,2012
Q26541,Dr. No,OL15859810W,1958
Q26085,The Day of the Jackal,OL20261655W,1971
Q27466,Globalization and Its Discontents,OL624826W,2002
Q27544,Mao: The Unknown Story,OL3763273W,2005
Q28306,A Dance with Dragons,OL1955906W,2011
Q29132,A Pocket Full of Rye,OL472619W,1953
Q41359,Cat's Cradle,OL98454W,1963
Q43361,Harry Potter and the Philosopher's Stone,OL82563W,1997
Q40205,Cloud Atlas,OL28773233W,2004
Q44920,Viruses of the Mind,,1993
Q32136,The Colour of Magic,OL453657W,1983
Q40354,Mockingjay,OL14908941W,2010
Q30613,Windmills of the Gods,OL1881769W,1987
Q32594,Franz Kafka: The Office Writings,,2008
Q31179,The Ballad of Peckham Rye,,1960
Q11678,The Hunger Games,OL5735363W,2008
Q25551,The Running Man,OL149188W,1982
Q15228,The Lord of the Rings,OL27448W,1954
Q721,"Life, the Universe and Everything",OL2163623W,1982
Q23163,A Scientific Romance,,1997
Q4795,Carry Me Down,,2006
Q13911,A Prayer for Owen Meany,OL14858723W,1989
Q8650,10 tips on how to stop killing people and start doing the dishes,,2008
Q4804,Oxygen,,2001
Q25435,Social Outsiders in Nazi Germany,,2001
Q18725,Q18725,OL14998648W,2002
Q8563,The Hundred and One Dalmatians,OL20228219W,1956
Q4672,English Passengers,OL31284413W,2000
Q4791,The Story of Lucy Gault,OL1863427W,2002
Q169976,Northern Lights,OL28988W,1995
Q162091,Treasure Islands,,2011
Q151550,The Stress of Her Regard,OL84115W,1989
Q167007,Necropolis,,2008
Q182502,Angels & Demons,OL76833W,2000
Q176192,Archangel,OL4297209W,1998
Q152629,Tell No One,OL79338W,2001
Q175421,Holes,OL116250W,1998
Q180596,A Faint Cold Fear,,2003
Q149993,The Phantom Tollbooth,OL1636262W,1961
Q176470,Interview with the Vampire,OL77826W,1976
Q181231,Weapons of Choice,OL15398177W,2004
Q164932,1001 Albums You Must Hear Before You Die,OL19061563W,2005
Q157709,The World of Suzie Wong,,1957
Q151337,The State of the Art,OL8368448W,1989
Q149552,The Stand,OL81618W,1978
Q157360,The Horse and His Boy,OL71168W,1954
Q164543,Why I Am Not a Christian,OL1088563W,1957
Q116801,The Mark of the Assassin,OL15838201W,1998
Q116950,Prince of Fire,OL15844673W,2005
Q117108,The Confessor,OL1814737W,2003
Q161191,For Your Eyes Only,OL85748W,1960
Q165068,The Tales of Beedle the Bard,OL13716951W,2008
Q178791,"Rabbit, Run",OL463752W,1960
Q46751,Harry Potter and the Goblet of Fire,OL82560W,2000
Q46887,Harry Potter and the Half-Blood Prince,OL82565W,2005
Q47598,Harry Potter and the Prisoner of Azkaban,OL82536W,1999
Q128510,The Wedding Gig,,1980
Q128324,The Anubis Gates,OL20801092W,1983
Q130438,The 39 Clues,,2008
Q129929,The Amber Spyglass,OL28996W,2000
Q128444,Watchmen,OL2897798W,1986
Q127149,Lolita,OL626989W,1955
Q132062,The Lathe of Heaven,OL59858W,1971
Q135165,Dying of the Light,OL257947W,1977
Q123322,Porno,OL17737227W,2002
Q117431,Ada or Ardor: A Family Chronicle,OL4413233W,1969
Q132269,Howl's Moving Castle,OL2540706M,1986
Q79762,The Silmarillion,OL27495W,1977
Q115656,The Rembrandt Affair,OL15413808W,2010
Q115636,Saint Peter's Fair,OL40303W,1981
Q92630,The Windup Girl,OL15000756W,2009
Q115653,The Marching Season,OL1814744W,1999
Q81316,The Secret Servant,OL1814733W,2007
Q116373,The English Assassin,OL11656793W,2002
Q116381,The Messenger,OL1814740W,2006
Q82888,The Road to Middle-earth,OL5587820W,1982
Q112407,Even Cowgirls Get the Blues,OL94863W,1976
Q81689,The Da Vinci Code,OL15290484W,2003
Q116321,A Death in Vienna,OL1814727W,2004
Q114761,The Aquitaine Progression,OL2664909W,1984
Q113610,Neverwhere,OL679354W,1996
Q81007,The Kill Artist,OL1814743W,2002
Q83880,The Cult of the Amateur,OL8053028W,2007
Q55285,Star Wars Galaxies: The Ruins of Dantooine,,2003
Q488331,The Anatomy of Human Destructiveness,OL1185035W,1973
Q40496,"The End: Hitler's Germany, 1944–45",OL20684674W,2011
Q74362,Excession,OL11169894W,1996
Q53817,Miles to Go,OL13845590W,2009
Q73588,Four Ways to Forgiveness,OL59826W,1995
Q136188,Rook,OL744654W,1997
Q485093,"The Lion, the Witch, and the Wardrobe",,1950
Q48829,A Fine Balance,OL32004267W,1995
Q38564,The Warlock: The Secrets of the Immortal Nicholas Flamel,OL15741870W,2011
Q53945,Breaking Dawn,OL5720022W,2008
Q137629,"Tomorrow, When the War Began",OL18180896W,1993
Q137536,Schild's Ladder,OL115338W,2002
Q64095,The Winds of War,OL729146W,1971
Q43714,Blue Like Jazz,OL248584W,2003
Q137332,The Dead of the Night,,1994
Q45735,Charlotte's Web,OL33694013W,1952
Q38190,Sour Sweet,,1982
Q38187,The Night Watch,OL551024W,2006
Q74378,Time,OL23557295W,1999
Q38213,Such a Long Journey,OL2980899W,1991
Q40819,Diary of a Wimpy Kid: The Ugly Truth,,2010
Q63998,War and Remembrance,OL729142W,1978
Q140036,The Invention of Hugo Cabret,OL50231W,2007
Q60672,Inheritance,OL16175854W,2011
Q43891,The Butcher Boy,OL8328872W,1992
Q466790,The Dead Zone,OL81630W,1979
Q466605,Charlie and the Chocolate Factory,OL45790W,1964
Q469889,Cell,OL81597W,2006
Q468121,Rose Madder,OL81614W,1995
Q468135,The Salmon of Doubt,OL2163715W,2002
Q469862,The Naked Sun,OL17187495W,1957
Q467332,The Adventure of the Christmas Pudding,OL472416W,1960
Q467818,Risk,,1955
Q468132,The Bicentennial Man,,1976
Q471142,The Tommyknockers,OL81593W,1987
Q470937,The Shining,OL81633W,1977
Q471024,Different Seasons,OL81621W,1982
Q471029,The Regulators,OL2794740W,1996
Q477831,The Magician's Nephew,OL71172W,1955
Q480743,Eichmann in Jerusalem,OL1386647W,1963
Q478250,Smith of Wootton Major,OL27510W,1967
Q482085,The Caves of Steel,OL46401W,1954
Q482567,A Bend in the River,OL103108W,1979
Q498561,Sometimes They Come Back,,1980
Q495888,Temporary Autonomous Zone,OL2504288W,1991
Q501514,The Lightning Thief,OL492658W,2005
Q491946,Riptide,OL8135506W,1998
Q513036,The Andromeda Strain,OL14950528W,1969
Q492207,Starship Troopers,OL59740W,1959
Q519858,Shards of a Broken Crown,OL554695W,1998
Q506898,Serpent Mage,OL73423W,1992
Q497280,Robot Visions,OL46337W,1990
Q513696,The Broken Window,OL14927355W,2008
Q516848,Gods of Riverworld,OL1840413W,1983
Q494069,The Seven Daughters of Eve,OL5854298W,2001
Q493191,The Traveler,OL5738359W,2005
Q498727,Lenny,,1958
Q519935,"Immortality, Inc.",OL1932394W,1959
Q470057,American Pastoral,OL74666W,1997
Q467720,The Dispossessed,OL59863W,1974
Q469969,The Light Fantastic,OL453680W,1986
Q470044,The Other Boleyn Girl,OL32608624W,2001
Q467388,The Merchant and the Alchemist's Gate,OL6216048W,2007
Q468071,The Spy Who Came in from the Cold,OL15723140W,1963
Q467225,The Postman,OL20101455W,1985
Q470229,The Great Hunt,OL7924211W,1990
Q467139,The Player of Games,OL100779W,1988
Q467017,The Annals of the Heechee,OL15746232W,1987
Q541006,Tales of the Unexpected,OL45877W,1979
Q569790,Dreamcatcher,OL81598W,2001
Q549152,Rabbit Is Rich,OL463820W,1981
Q557867,Fifty Shades of Grey,OL16336633W,2011
Q568210,They Do It with Mirrors,OL471871W,1952
Q535795,Roverandom,OL27488W,1998
Q532677,The Homecoming of Beorhtnoth Beorhthelm's Son,,1953
Q535639,The Legend of Sigurd and Gudrún,OL14933422W,2009
Q530406,Charlie and the Great Glass Elevator,OL45793W,1972
Q534991,The Father Christmas Letters,OL27497W,1976
Q534970,The Wonderful Story of Henry Sugar and Six More,OL45864W,1977
Q471920,Expanded Cinema,,1970
Q804414,Blaze,OL2794739W,2007
Q471926,The Eyes of the Dragon,OL81602W,1984
Q471726,A Brief History of Time,OL1892624W,1988
Q473082,The Glass Books of the Dream Eaters,OL8052024W,2006
Q262540,Night Shift,OL81608W,1978
Q472208,The Subtle Knife,OL29021W,1997
Q474523,The Ruins,OL3951579W,2006
Q487364,Anathem,OL14911626W,2008
Q816016,Ender's Game,OL49488W,1985
Q489581,Song of Kali,OL1963276W,1985
Q471741,Lucifer's Hammer,OL510435W,1977
Q627192,Divergent,OL15719630W,2011
Q798732,Bad Monkeys,OL3298261W,2007
Q474895,The Viceroy of Ouidah,OL612492W,1980
Q786615,The Currents of Space,OL46385W,1952
Q819101,The Book Thief,OL5819456W,2006
Q491657,The Very Hungry Caterpillar,OL53033W,1969
Q472368,The Songs of Distant Earth,OL14931577W,1986
Q478110,City,OL4088358W,1952
Q803910,Bios,OL8339324W,1999
Q471679,Rainbows End,OL1975712W,2006
Q472026,The Talented Mr. Ripley,OL59447W,1955
Q488350,Anatomy of a Murder,OL548025W,1958
Q486385,"Anarchy, State, and Utopia",OL3336954W,1974
Q478098,The Vampire's Assistant,OL16253529W,2000
Q477994,The Eye of the World,OL7924103W,1990
Q478035,The Test,,1954
Q479086,Until I Find You,OL14858712W,2005
Q821608,Sharpe's Havoc,OL23298W,2003
Q814765,My Sister's Keeper,OL891923W,2004
Q543375,Uglies,OL547172W,2005
Q520466,Changing Planes,OL59790W,2003
Q543562,The Diamond Age,OL38499W,1995
Q522575,The Fall of Neskaya,OL23720W,2001
Q523766,The Beatrice Letters,OL118506W,2006
Q541419,The Scions of Shannara,OL5683610W,1990
Q534975,Cryptonomicon,OL38494W,1999
Q538742,Beyond the Blue Event Horizon,OL60931W,1980
Q521688,House of Leaves,OL32195W,2000
Q523914,Fools Die,OL1673261W,1978
Q526792,Travels in the Scriptorium,OL15857116W,2006
Q526802,Last Contact,,2007
Q537659,ARM,,1975
Q521331,Shopaholic Ties the Knot,OL17736283W,2002
Q525132,The Alchemyst: The Secrets of the Immortal Nicholas Flamel,,2007
Q194424,Fantastic Beasts and Where to Find Them,OL27967470W,2001
Q202009,Fahrenheit 451,OL103200W,1953
Q197243,4.50 from Paddington,OL471500W,1957
Q192258,Quidditch Through the Ages,OL8119615W,2001
Q247364,The Dark Tower V: Wolves of the Calla,OL149201W,2003
Q250123,Christine,OL81619W,1983
Q253925,Thinner,OL2794738W,1984
Q251076,Hallowe'en Party,OL471832W,1969
Q208002,The Fellowship of the Ring,OL14933414W,1954
Q211006,The Lost Symbol,OL14873315W,2009
Q207964,Digital Fortress,OL76836W,1998
Q202531,Deception Point,OL76835W,2001
Q185705,Just for Fun: The Story of an Accidental Revolutionary,OL17613239W,2001
Q187655,Mostly Harmless,OL2163638W,1992
Q206795,Profiles in Courage,OL21727389W,1955
Q588035,Planet of Exile,OL59836W,1966
Q582825,The Children of Men,OL510951W,1992
Q581426,Blood Meridian,OL40879W,1985
Q586831,A Case of Conscience,OL53404W,1958
Q579837,The 158-Pound Marriage,OL8035551W,1974
Q592078,The Bourne Identity,OL2664705W,1980
Q597219,The Counterlife,OL15861384W,1986
Q589106,City of Bones,OL8455258W,2007
Q580361,The Lost World,OL46876W,1995
Q589485,The Wasp Factory,OL100784W,1984
Q594567,Komarr,OL56903W,1998
Q581485,The Book of Illusions,OL16025401W,2002
Q593182,Why I Want to Fuck Ronald Reagan,,1968
Q582811,Tinker Tailor Soldier Spy,OL15723131W,1974
Q588517,"Darkness, Take My Hand",OL17193W,1996
Q595766,Fire,OL11728428W,2009
Q218950,Prince Caspian,OL71174W,1951
Q239725,Black House,OL3946215M,2001
Q244884,"Full Dark, No Stars",OL15374110W,2010
Q568375,The Path of Daggers,OL19831524W,1998
Q614647,Chasing Harry Winston,,2008
Q598071,Concrete Island,OL265518W,1974
Q603645,The Yiddish Policemen's Union,OL119430W,2007
Q550208,The Plains of Passage,OL2746406W,1990
Q608534,The Overlook,OL111724W,2007
Q600448,Cocaine Nights,OL2745954W,1996
Q547210,The Last Defender of Camelot,OL13991W,1980
Q608616,Dexter Is Delicious,OL15537335W,2010
Q568143,Survivor,OL18939W,1999
Q625764,Midnight's Children,OL32380651M,1981
Q608875,The Vampire Armand,OL77832W,1998
Q552213,Forrest Gump,OL1898760W,1986
Q599495,The Last Coyote,OL111738W,1995
Q545150,Magic for Beginners,OL5817030W,2005
Q611689,No Country for Old Men,OL40875W,2005
Q598315,Dreamsnake,OL1921526W,1978
Q546785,Kiln People,OL58707W,2002
Q622400,Things Fall Apart,OL891786W,1958
Q565105,Psychohistorical Crisis,OL16086697W,2001
Q612511,Shutter Island,OL17654868W,2003
Q600821,The Book of Dreams,OL2071477W,1981
Q567652,Anonymous Rex,OL97933W,2000
Q606465,The Thorn Birds,OL25439032M,1977
Q548368,Heaven's Reach,OL58699W,1998
Q551345,Robopocalypse,OL24604497M,2011
Q602288,It,OL81613W,1986
Q592503,Night,OL14856842W,1956
Q596874,Misery,OL81634W,1987
Q595128,Going Postal,OL453733W,2004
Q588531,The Mirror Crack'd from Side to Side,OL13942791M,1962
Q578895,The Restaurant at the End of the Universe,OL2163655W,1980
Q582509,At Bertram's Hotel,OL472901W,1965
Q595995,Slow Learner,OL2636671W,1984
Q583366,Robot Dreams,,1986
Q603705,. . . That Thou Art Mindful of Him,,1974
Q828031,Firestarter,OL81623W,1980
Q829753,The Nazi and the Barber,OL2831666W,1971
Q845944,The Dark Half,OL81620W,1989
Q835739,Cujo,OL81610W,1981
Q831504,Let's Get Together,,1957
Q843400,Mort,OL453658W,1987
Q837557,Expedition to Earth,OL20146061W,1953
Q845106,Mrs McGinty's Dead,OL472044W,1952
Q831807,The Tercentenary Incident,,1976
Q837944,The Deep Range,,1957
Q831586,Feminine Intuition,,1969
Q835341,2001: A Space Odyssey,OL17365W,1968
Q831520,Stranger in Paradise,,1974
Q831556,Mirror Image,,1972
Q230356,How to do Things with Words,OL6408869W,1962
Q189446,Zen and the Art of Motorcycle Maintenance,OL827365W,1974
Q191288,The Satanic Verses,OL457175W,1988
Q245686,The Bay of Noon,,1970
Q183363,The March,OL55232W,2005
Q187942,The Fourth Hand,OL14955668W,2001
Q241348,Scarlett,OL3244616W,1991
Q191540,New Moon,OL5720027W,2006
Q224965,Grimus,OL21961359M,1975
Q212473,Eclipse,OL5720035W,2007
Q208461,1985,OL1386730W,1978
Q189378,Twilight,OL5720023W,2005
Q244897,The New Policeman,,2005
Q208911,Every Man for Himself,,1996
Q248745,Rainbow Six,OL449002W,1998
Q183883,The Catcher in the Rye,OL3335245W,1951
Q205975,A Son of the Circus,OL8035548W,1994
Q221085,28 Stories of AIDS in Africa,,2007
Q238747,I Am Mordred,,2001
Q185449,Eragon,OL5819895W,2003
Q208825,Flight into Camden,,1961
Q218156,Zodiac,OL2728912W,1986
Q223784,3001: The Final Odyssey,OL17409W,1997
Q194619,Flesh,OL20980522W,1960
Q232153,One Day,OL15424701W,2009
Q243556,The Godfather,OL1673263W,1969
Q213300,A Visit from the Goon Squad,OL15026613W,2010
Q212718,2061: Odyssey Three,OL17408W,1987
Q196151,A Rising Thunder,OL16318425W,2012
Q607112,The Three-Body Problem,OL17267881W,2006
Q616606,L.A. Requiem,OL2005892W,1999
Q622647,Zoo City,OL15542343W,2010
Q605697,The Mists of Avalon,OL23793W,1983
Q608378,The Rise of Nine,OL17555215W,2012
Q615807,Hell House,OL64222W,1971
Q625645,Steve Jobs,OL16085155W,2011
Q615544,The Lion in Winter,,1966
Q618681,Imzadi,OL8126336W,1992
Q610680,Last Call,OL84113W,1992
Q602216,The Scar,OL8718787W,2002
Q595950,Mortal Engines,OL5826881W,2001
Q576737,The Guardians,OL265988W,1970
Q589841,The Best of Everything,OL551687W,1958
Q598136,Wolf Island,OL31860379W,2008
Q592815,Homeward Bound,OL14923470W,2004
Q579719,Irrational Exuberance,,2000
Q589959,The Legacy of Heorot,OL10587704W,1987
Q597545,The Reluctant Fundamentalist,OL489097W,2007
Q594093,Blood and Memory,OL5732284W,2004
Q576392,SuperFreakonomics,OL14909866W,2009
Q585485,Soldiers Live,OL1976807W,2000
Q824307,Legend,OL3996093W,1984
Q825718,Wikinomics,OL2705268W,2006
Q841540,Tyrannosaur Canyon,OL549374W,2005
Q837489,Slawter,OL5727107W,2006
Q829934,The Remains of the Day,OL59048W,1989
Q850150,Beggars in Spain,OL1847211W,1993
Q826822,Waylander,OL7923206W,1986
Q846970,Relic,,1995
Q845167,Fatherland,OL894071W,1992
Q837283,Fight Club,OL18941W,1996
Q857313,One Flew Over the Cuckoo's Nest,OL2944469W,1962
Q860058,The Sundering,,2005
Q849930,Breakfast at Tiffany's,OL1992167W,1958
Q851267,Loot,,1964
Q860034,Tamsin,OL26456W,1999
Q838776,Bridge to Terabithia,OL27125W,1977
Q839220,Something Happened,OL15706660W,1974
Q837140,Catching Fire,OL5735360W,2009
Q837934,Flowers for Algernon,OL515754W,1959
Q840125,Darkly Dreaming Dexter,OL3968346W,2004
Q852066,Thirteen Reasons Why,OL9264548W,2007
Q860633,A Thousand Splendid Suns,OL5782000W,2007
Q830526,Free Culture,OL6037024W,2004
Q860091,World of Warcraft: Arthas: Rise of the Lich King,,2009
Q854213,The Trumpet of the Swan,OL483407W,1970
Q849907,The Short Second Life of Bree Tanner,OL15166934W,2010
Q853427,The Belonging Kind,,1981
Q829130,Memoirs of a Geisha,OL1856675W,1997
Q859428,The Well of Eternity,,2004
Q860181,Warcraft: The Last Guardian,OL5059146W,2002
Q845613,More Than Human,OL14868317W,1953
Q862948,Atlantis Found,OL84892W,1999
Q331142,Akallabêth,,1977
Q331651,The Children of Húrin,OL14933460W,2007
Q309019,Unfinished Tales,OL14925984W,1980
