author_id,author_label
Q228624,Suzanne Collins
Q39829,Stephen King
Q892,J. R. R. Tolkien
Q42,Douglas Adams
Q1348862,Ronald Wright
Q4731,M. J. Hyland
Q34660,Q34660
Q310379,John Irving
Q365955,Hallgrímur Helgason
Q720306,Andrew Miller
Q506120,Robert Gellately
Q6969361,Nathan Stoltzfus
Q861482,Christopher Moore
Q449085,Dodie Smith
Q4671,Matthew Kneale
Q528826,William Trevor
Q49074,Kurt Vonnegut
Q28170,Max Brooks
Q40479,David Mitchell
Q46248,Terry Pratchett
Q44461,Richard Dawkins
Q35064,Agatha Christie
Q105118,Sidney Sheldon
Q905,Franz Kafka
Q181677,George R. R. Martin
Q9204,C. S. Lewis
Q33760,Bertrand Russell
Q82104,Ian Fleming
Q312579,Iain Banks
Q237235,Edith Pargeter
Q26116,Paolo Bacigalupi
Q712596,Daniel Silva
Q95120,Tom Shippey
Q452404,Tom Robbins
Q7345,Dan Brown
Q314416,Stephen Baxter
Q224113,Robert Ludlum
Q210059,Neil Gaiman
Q430276,Andrew Keen
Q190220,Philip Pullman
Q1476635,Nicholas Shaxson
Q363810,Tim Powers
Q279305,Anthony Horowitz
Q313981,Robert Harris
Q318099,Harlan Coben
Q553137,Louis Sachar
Q448425,Karin Slaughter
Q5894750,Norton Juster
Q47108776,Robert Dimery
Q1535859,Richard Mason
Q105756,John Updike
Q184785,Anne Rice
Q20877665,Haden Blackman
Q312532,Ian Kershaw
Q4235,Miley Cyrus
Q726264,Israel Finkelstein
Q181659,Ursula K. Le Guin
Q249197,Frederick Forsyth
Q732338,Rohinton Mistry
Q562163,Michael Scott
Q18430,Joseph Stiglitz
Q160219,Stephenie Meyer
Q235291,Jung Chang
Q49072,Herman Wouk
Q1240177,Donald Miller
Q1357338,Neil Asher Silberman
Q361617,E. B. White
Q3785606,Hilary Liftin
Q1392021,Timothy Mo
Q237555,Sarah Waters
Q311704,Jeff Kinney
Q233956,Muriel Spark
Q967307,Jon Halliday
Q93620,Christopher Paolini
Q31166582,Voronica Whitney-Robinson
Q944204,Patrick McCabe
Q458860,Jude Watson
Q540024,Margaret Peterson Haddix
Q445765,Dave Gibbons
Q495420,David Baldacci
Q36591,Vladimir Nabokov
Q205739,Alan Moore
Q910538,Linda Sue Park
Q178403,Irvine Welsh
Q5332730,Gordon Korman
Q346805,Peter Lerangis
Q2110818,Roland Smith
Q2377808,Patrick Carman
Q212727,Rick Riordan
Q34981,Isaac Asimov
Q25161,Roald Dahl
Q17714,Stephen Hawking
Q187019,Philip Roth
Q3243146,Mohsin Hamid
Q35155,Thomas Pynchon
Q44306,Q44306
Q72653,Danielle Steel
Q93157,Eugene O'Neill
Q172140,Michael Crichton
Q358188,Jeffery Deaver
Q977651,John Marsden
Q913061,Brian Selznick
Q1383477,Simon Beckett
Q937084,Philip Reeve
Q291025,Kristin Cashore
Q44593,V. S. Naipaul
Q1541955,Graham Masterton
Q316785,Greg Egan
Q233033,Margaret Weis
Q353137,Tracy Hickman
Q229369,Lois McMaster Bujold
Q236829,Diana Wynne Jones
Q47087,Arthur C. Clarke
Q166351,Robert Jordan
Q18391,Elie Wiesel
Q319196,China Miéville
Q140201,J. G. Ballard
Q242162,Vonda N. McIntyre
Q312632,Jack Vance
Q313193,Michael Connelly
Q313466,Michael Chabon
Q294583,Sam Shepard
Q272610,Cormac McCarthy
Q155845,Chinua Achebe
Q311744,Dennis Lehane
Q265603,Eva Ibbotson
Q313739,John Kennedy Toole
Q228801,Colleen McCullough
Q193116,Khaled Hosseini
Q220883,Poul Anderson
Q176049,Lauren Weisberger
Q316048,Alan Hollinghurst
Q313038,Jeff Lindsay
Q238378,Rhonda Byrne
Q268181,Chuck Palahniuk
Q181716,Scott Westerfeld
Q248867,James Blish
Q59896,E. L. James
Q182870,Mario Puzo
Q214642,Paul Auster
Q235014,Sophie Kinsella
Q229996,Jean M. Auel
Q209641,John le Carré
Q82032,Christopher Tolkien
Q297538,Dan Simmons
Q348916,Bruce Chatwin
Q551377,Peter Lamborn Wilson
Q240212,Philippa Gregory
Q606557,Eric Carle
Q294625,Clifford D. Simak
Q376071,Gordon Dahlquist
Q793895,Lincoln Child
Q292071,Richelle Mead
Q312405,Vernor Vinge
Q270635,Patricia Highsmith
Q503095,Ted Chiang
Q312853,Neal Stephenson
Q316610,Larry Niven
Q241583,Bret Easton Ellis
Q315069,David Brin
Q3181316,John D. Voelker
Q205927,Robert Nozick
Q356428,Darren O'Shaughnessy
Q659747,Bryan Sykes
Q711746,John Twelve Hawks
Q578031,Jerry Pournelle
Q325130,Richard Matheson
Q747459,Gene Youngblood
Q312641,Frederik Pohl
Q742632,Douglas Preston
Q940902,Scott Smith
Q506430,David Malouf
Q15114225,Margaret Stohl
Q607588,Liu Cixin
Q428755,Steven Erikson
Q922053,Robert Crais
Q328212,Veronica Roth
Q664673,Lauren Beukes
Q465179,Marion Zimmer Bradley
Q3905853,Pittacus Lore
Q13563001,Kami Garcia
Q446605,Bernard Cornwell
Q681012,Walter Isaacson
Q322060,Douglas Coupland
Q541868,James Goldman
Q1351554,Peter David
Q443109,Katherine Kurtz
Q1349027,Greg Iles
Q913403,Mike Resnick
Q448776,Lisa See
Q333719,Lee Child
Q34253,Linus Torvalds
Q9696,John F. Kennedy
Q1190926,Kelly Link
Q1060636,Daniel Handler
Q318845,Terry Brooks
Q963727,Mark Z. Danielewski
Q3036044,Donald Kingsbury
Q350404,Q350404
Q1419759,Deborah J. Ross
Q296256,Philip José Farmer
Q1351304,Eric Garcia
Q311606,Daniel H. Wilson
Q295406,Roger Zelazny
Q333246,Robert Sheckley
Q464700,Winston Groom
Q40640,Ray Bradbury
Q40874,Doris Lessing
Q39212,John Steinbeck
Q270648,P. D. James
Q60025,Hannah Arendt
Q552025,Samuel Youd
Q57085,Erich Fromm
Q285007,Peter S. Beagle
Q235364,Cassandra Clare
Q123078,Robert A. Heinlein
Q536861,Rona Jaffe
Q455780,Harry Turtledove
Q338151,Robert J. Shiller
Q2594458,Steven Barnes
Q1987300,Fiona McIntosh
Q454515,Stephen J. Dubner
Q922071,Glen Cook
