subject,object,predicate
Q34660,Q457856,influencedBy
Q34660,Q183167,influencedBy
Q34660,Q231708,influencedBy
Q34660,Q80137,influencedBy
Q34660,Q131333,influencedBy
Q34660,Q242571,influencedBy
Q34660,Q79904,influencedBy
Q18430,Q9317,influencedBy
Q34660,Q453410,influencedBy
Q34660,Q133054,influencedBy
Q34660,Q366643,influencedBy
Q181677,Q368224,influencedBy
Q181677,Q181900,influencedBy
Q181677,Q692,influencedBy
Q34660,Q9204,influencedBy
Q18430,Q102454,influencedBy
Q181677,Q169566,influencedBy
Q34660,Q39829,influencedBy
Q181677,Q38392,influencedBy
Q18430,Q186042,influencedBy
Q181677,Q892,influencedBy
Q18430,Q157268,influencedBy
Q18430,Q355245,influencedBy
Q49074,Q439204,influencedBy
Q40479,Q210059,influencedBy
Q44461,Q33760,influencedBy
Q46248,Q207515,influencedBy
Q46248,Q183167,influencedBy
Q46248,Q312632,influencedBy
Q40479,Q154756,influencedBy
Q40479,Q134798,influencedBy
Q49074,Q19185,influencedBy
Q40479,Q36591,influencedBy
Q44461,Q1035,influencedBy
Q49074,Q7245,influencedBy
Q44461,Q42,influencedBy
Q905,Q123075,influencedBy
Q40479,Q313077,influencedBy
Q905,Q28494,influencedBy
Q49074,Q5686,influencedBy
Q40479,Q310048,influencedBy
Q905,Q43444,influencedBy
Q49074,Q1512,influencedBy
Q233956,Q81960,influencedBy
Q44461,Q15451,influencedBy
Q46248,Q436801,influencedBy
Q46248,Q366643,influencedBy
Q233956,Q79025,influencedBy
Q49074,Q3335,influencedBy
Q49074,Q131149,influencedBy
Q39829,Q558425,influencedBy
Q892,Q458658,influencedBy
Q892,Q182589,influencedBy
Q892,Q153159,influencedBy
Q39829,Q169566,influencedBy
Q892,Q216406,influencedBy
Q39829,Q36184,influencedBy
Q892,Q48328,influencedBy
Q892,Q33977,influencedBy
Q892,Q2274359,influencedBy
Q39829,Q16867,influencedBy
Q39829,Q239910,influencedBy
Q39829,Q5000863,influencedBy
Q39829,Q325130,influencedBy
Q39829,Q40640,influencedBy
Q892,Q183167,influencedBy
Q892,Q368519,influencedBy
Q892,Q237196,influencedBy
Q39829,Q5293417,influencedBy
Q190220,Q28494,influencedBy
Q190220,Q41513,influencedBy
Q190220,Q79759,influencedBy
Q9204,Q218322,influencedBy
Q33760,Q8747,influencedBy
Q33760,Q208448,influencedBy
Q33760,Q76420,influencedBy
Q33760,Q183372,influencedBy
Q33760,Q9391,influencedBy
Q9204,Q40213,influencedBy
Q9204,Q19008,influencedBy
Q33760,Q50020,influencedBy
Q9204,Q79759,influencedBy
Q33760,Q237833,influencedBy
Q33760,Q60028,influencedBy
Q9204,Q214565,influencedBy
Q33760,Q35802,influencedBy
Q9204,Q1067,influencedBy
Q9204,Q859,influencedBy
Q9204,Q2044035,influencedBy
Q9204,Q5683,influencedBy
Q33760,Q191029,influencedBy
Q9204,Q454734,influencedBy
Q9204,Q41513,influencedBy
Q9204,Q868,influencedBy
Q33760,Q9047,influencedBy
Q9204,Q892,influencedBy
Q33760,Q134661,influencedBy
Q33760,Q93996,influencedBy
Q9204,Q183167,influencedBy
Q9204,Q368519,influencedBy
Q9204,Q231708,influencedBy
Q33760,Q93343,influencedBy
Q9204,Q237196,influencedBy
Q9204,Q42511,influencedBy
Q33760,Q37160,influencedBy
Q9204,Q458658,influencedBy
Q33760,Q78600,influencedBy
Q9204,Q182589,influencedBy
Q105756,Q107473,influencedBy
Q105756,Q6882,influencedBy
Q44461,Q918334,influencedBy
Q105756,Q134180,influencedBy
Q33760,Q778109,influencedBy
Q105756,Q154756,influencedBy
Q105756,Q79904,influencedBy
Q105756,Q38193,influencedBy
Q105756,Q69339,influencedBy
Q105756,Q36591,influencedBy
Q105756,Q4985,influencedBy
Q44461,Q215263,influencedBy
Q44461,Q216723,influencedBy
Q105756,Q170509,influencedBy
Q105756,Q905,influencedBy
Q105756,Q124527,influencedBy
Q33760,Q295386,influencedBy
Q105756,Q23434,influencedBy
Q105756,Q336151,influencedBy
Q105756,Q692,influencedBy
Q44461,Q323207,influencedBy
Q105756,Q6512,influencedBy
Q105756,Q234819,influencedBy
Q105756,Q991,influencedBy
Q105756,Q315683,influencedBy
Q44461,Q552019,influencedBy
Q105756,Q15531308,influencedBy
Q105756,Q1285562,influencedBy
Q105756,Q7199,influencedBy
Q44461,Q153890,influencedBy
Q44461,Q49081,influencedBy
Q495420,Q182658,influencedBy
Q495420,Q176909,influencedBy
Q181659,Q92640,influencedBy
Q181659,Q1398,influencedBy
Q181659,Q909,influencedBy
Q205739,Q188176,influencedBy
Q181659,Q47739,influencedBy
Q178403,Q188176,influencedBy
Q495420,Q128560,influencedBy
Q181659,Q892,influencedBy
Q181659,Q171091,influencedBy
Q181659,Q312632,influencedBy
Q181659,Q42511,influencedBy
Q181659,Q5752,influencedBy
Q181659,Q458658,influencedBy
Q181659,Q79969,influencedBy
Q178403,Q151820,influencedBy
Q181659,Q7243,influencedBy
Q181659,Q240253,influencedBy
Q181659,Q937000,influencedBy
Q181659,Q41532,influencedBy
Q181659,Q9333,influencedBy
Q181659,Q943567,influencedBy
Q181659,Q692,influencedBy
Q181659,Q40909,influencedBy
Q26116,Q272610,influencedBy
Q57085,Q9061,influencedBy
Q4235,Q62372907,influencedBy
Q57085,Q9215,influencedBy
Q4235,Q768621,influencedBy
Q4235,Q229379,influencedBy
Q57085,Q123861,influencedBy
Q57085,Q76548,influencedBy
Q4235,Q1744,influencedBy
Q57085,Q152393,influencedBy
Q57085,Q35802,influencedBy
Q4235,Q11975,influencedBy
Q57085,Q9333,influencedBy
Q4235,Q231106,influencedBy
Q57085,Q76709,influencedBy
Q4235,Q1438730,influencedBy
Q57085,Q6512,influencedBy
Q4235,Q180453,influencedBy
Q4235,Q179257,influencedBy
Q4235,Q303,influencedBy
Q233956,Q128560,influencedBy
Q25161,Q467770,influencedBy
Q25161,Q167768,influencedBy
Q25161,Q430182,influencedBy
Q25161,Q34743,influencedBy
Q25161,Q469681,influencedBy
Q25161,Q5686,influencedBy
Q60025,Q8018,influencedBy
Q60025,Q57255,influencedBy
Q60025,Q183167,influencedBy
Q60025,Q190089,influencedBy
Q60025,Q76509,influencedBy
Q60025,Q15975,influencedBy
Q60025,Q9312,influencedBy
Q60025,Q140694,influencedBy
Q60025,Q61078,influencedBy
Q60025,Q1399,influencedBy
Q60025,Q77148,influencedBy
Q60025,Q9200,influencedBy
Q60025,Q913,influencedBy
Q60025,Q6512,influencedBy
Q60025,Q859,influencedBy
Q60025,Q7199,influencedBy
Q60025,Q58586,influencedBy
Q60025,Q48301,influencedBy
Q60025,Q302,influencedBy
Q60025,Q165792,influencedBy
Q60025,Q868,influencedBy
Q60025,Q9061,influencedBy
Q60025,Q905,influencedBy
Q551377,Q211731,influencedBy
Q551377,Q193236,influencedBy
Q551377,Q9358,influencedBy
Q551377,Q181707,influencedBy
Q551377,Q314215,influencedBy
Q187019,Q127332,influencedBy
Q187019,Q991,influencedBy
Q187019,Q7243,influencedBy
Q187019,Q43718,influencedBy
Q187019,Q80137,influencedBy
Q187019,Q93166,influencedBy
Q187019,Q43444,influencedBy
Q209641,Q128560,influencedBy
Q187019,Q153670,influencedBy
Q187019,Q6538,influencedBy
Q166351,Q892,influencedBy
Q187019,Q105756,influencedBy
Q187019,Q351547,influencedBy
Q187019,Q6882,influencedBy
Q187019,Q151820,influencedBy
Q187019,Q38392,influencedBy
Q187019,Q299965,influencedBy
Q187019,Q79904,influencedBy
Q187019,Q590787,influencedBy
Q187019,Q83059,influencedBy
Q187019,Q82925,influencedBy
Q187019,Q34670,influencedBy
Q187019,Q94500,influencedBy
Q187019,Q233898,influencedBy
Q187019,Q4583,influencedBy
Q187019,Q399969,influencedBy
Q187019,Q170509,influencedBy
Q187019,Q905,influencedBy
Q187019,Q506582,influencedBy
Q187019,Q23434,influencedBy
Q187019,Q7245,influencedBy
Q187019,Q187765,influencedBy
Q82032,Q892,influencedBy
Q17714,Q47480,influencedBy
Q312853,Q313246,influencedBy
Q312853,Q171091,influencedBy
Q312853,Q312995,influencedBy
Q297538,Q311253,influencedBy
Q297538,Q312632,influencedBy
Q297538,Q155855,influencedBy
Q348916,Q761983,influencedBy
Q297538,Q2707355,influencedBy
Q297538,Q2165671,influencedBy
Q47087,Q337373,influencedBy
Q17714,Q33760,influencedBy
Q312405,Q337373,influencedBy
Q17714,Q5276571,influencedBy
Q312853,Q35155,influencedBy
Q17714,Q366471,influencedBy
Q17714,Q937,influencedBy
Q17714,Q368087,influencedBy
Q348916,Q218698,influencedBy
Q17714,Q81244,influencedBy
Q312853,Q188987,influencedBy
Q348916,Q909,influencedBy
Q348916,Q107002,influencedBy
Q1060636,Q16867,influencedBy
Q182870,Q9711,influencedBy
Q1060636,Q242095,influencedBy
Q1060636,Q982401,influencedBy
Q1060636,Q25161,influencedBy
Q1060636,Q36591,influencedBy
Q1060636,Q9204,influencedBy
Q1060636,Q905,influencedBy
Q40640,Q314256,influencedBy
Q40640,Q169566,influencedBy
Q40640,Q81447,influencedBy
Q40640,Q692,influencedBy
Q40640,Q298242,influencedBy
Q40640,Q259364,influencedBy
Q40640,Q33977,influencedBy
Q40640,Q148234,influencedBy
Q40640,Q47152,influencedBy
Q40640,Q5686,influencedBy
Q40640,Q155855,influencedBy
Q40640,Q233898,influencedBy
Q40640,Q276032,influencedBy
Q40640,Q3335,influencedBy
Q40640,Q16867,influencedBy
Q40640,Q316788,influencedBy
Q40640,Q39212,influencedBy
Q40640,Q42511,influencedBy
Q40640,Q204868,influencedBy
Q40640,Q19185,influencedBy
Q270648,Q36322,influencedBy
Q272610,Q38392,influencedBy
Q270648,Q106740,influencedBy
Q270648,Q266205,influencedBy
Q270648,Q128560,influencedBy
Q270648,Q35064,influencedBy
Q270648,Q107002,influencedBy
Q140201,Q242095,influencedBy
Q140201,Q188176,influencedBy
Q140201,Q154842,influencedBy
Q313466,Q7199,influencedBy
Q268181,Q6769414,influencedBy
Q313466,Q909,influencedBy
Q44306,Q5878,influencedBy
Q313466,Q5878,influencedBy
Q268181,Q241583,influencedBy
Q268181,Q481871,influencedBy
Q44306,Q154756,influencedBy
Q268181,Q244390,influencedBy
Q155845,Q7081956,influencedBy
Q140201,Q16867,influencedBy
Q312632,Q6175761,influencedBy
Q44306,Q36591,influencedBy
Q44306,Q49081,influencedBy
Q312632,Q723374,influencedBy
Q268181,Q310048,influencedBy
Q140201,Q905,influencedBy
Q140201,Q5577,influencedBy
Q140201,Q6882,influencedBy
Q272615,Q868,influencedBy
Q40640,Q18402116,influencedBy
Q40640,Q21507289,influencedBy
Q335232,Q28494,influencedBy
Q364189,Q169566,influencedBy
Q364189,Q540166,influencedBy
Q105167,Q692,influencedBy
Q40640,Q944409,influencedBy
Q335232,Q312407,influencedBy
Q105167,Q123078,influencedBy
Q313466,Q316138,influencedBy
Q313466,Q36591,influencedBy
Q313466,Q43444,influencedBy
Q313466,Q214642,influencedBy
Q313466,Q180377,influencedBy
Q313466,Q336151,influencedBy
Q313466,Q15531308,influencedBy
Q313466,Q276032,influencedBy
Q313466,Q170509,influencedBy
Q313466,Q951010,influencedBy
Q313466,Q312632,influencedBy
Q313466,Q181677,influencedBy
Q313466,Q35155,influencedBy
Q313466,Q93354,influencedBy
Q313466,Q140201,influencedBy
Q313466,Q181659,influencedBy
Q313466,Q544611,influencedBy
Q313466,Q35610,influencedBy
Q313466,Q187019,influencedBy
Q313466,Q353869,influencedBy
Q313466,Q201732,influencedBy
Q313466,Q82083,influencedBy
Q313466,Q1633025,influencedBy
Q607588,Q3335,influencedBy
Q607588,Q33977,influencedBy
Q607588,Q47087,influencedBy
Q607588,Q7243,influencedBy
Q319196,Q140201,influencedBy
Q319196,Q905,influencedBy
Q319196,Q6231502,influencedBy
Q319196,Q181659,influencedBy
Q552025,Q42511,influencedBy
Q319196,Q4985,influencedBy
Q319196,Q41166,influencedBy
Q319196,Q146763,influencedBy
Q319196,Q708581,influencedBy
Q319196,Q312632,influencedBy
Q319196,Q5686,influencedBy
Q319196,Q148886,influencedBy
Q319196,Q169566,influencedBy
Q319196,Q6515,influencedBy
Q3243146,Q34670,influencedBy
Q319196,Q314966,influencedBy
Q3243146,Q36591,influencedBy
Q319196,Q361149,influencedBy
Q319196,Q919277,influencedBy
Q319196,Q963799,influencedBy
Q319196,Q1929962,influencedBy
Q319196,Q316138,influencedBy
Q3243146,Q134798,influencedBy
Q730969,Q191020,influencedBy
Q220450,Q379895,influencedBy
Q272855,Q7199,influencedBy
Q272855,Q5685,influencedBy
Q220450,Q892,influencedBy
Q244390,Q38392,influencedBy
Q272855,Q905,influencedBy
Q272855,Q127332,influencedBy
Q272855,Q183492,influencedBy
Q272855,Q991,influencedBy
Q220450,Q181900,influencedBy
Q244390,Q160534,influencedBy
Q244390,Q188176,influencedBy
Q188987,Q188176,influencedBy
